idEmpleado,dni,nombre,apellido,idGimnasio,idJefe,tipoEmpleado
1,13-384-3701,Baron,Trowill,1,1,Monitor de sala
2,29-360-0417,Minny,Miskin,1,1,mantenimiento
3,19-311-1181,Barnabas,Lorne,1,1,Monitor de clases dirigidas
4,86-113-6708,Hanny,Geeve,1,1,limpieza
5,52-308-5847,Riannon,Yakovitch,1,1,Monitor de clases dirigidas
6,69-407-7949,Harmonie,Treadgear,1,1,Monitor de sala
7,43-405-5357,Nolana,Zuanazzi,2,8,mantenimiento
8,19-418-7049,Halie,Taberer,2,8,Monitor de sala
9,06-822-1202,Rice,Grover,2,8,Monitor de sala
10,57-317-3994,Shandra,Cantu,2,8,Monitor de sala
11,65-710-5700,Maurizio,Thackray,2,8,limpieza
12,65-902-1008,Irma,Saill,2,8,Monitor de sala
13,73-124-0625,Bibi,Pohling,3,13,Monitor de sala
14,26-989-6596,Adele,Dinsmore,3,13,Monitor de sala
15,40-266-0328,Rogerio,Havile,3,13,limpieza
16,60-340-3090,Evie,Prando,3,13,mantenimiento
17,82-812-7603,Wallis,Graundisson,3,13,Monitor de sala
18,36-736-4821,Shandee,Guys,3,13,limpieza
19,84-453-5786,Ediva,Jelkes,3,13,Monitor de clases dirigidas
20,57-183-5829,Emmy,Van den Dael,4,24,mantenimiento
21,70-152-5870,Cariotta,Blackham,4,24,Monitor de clases dirigidas
22,88-206-9989,Brenden,Astall,4,24,mantenimiento
23,79-500-1687,Sharona,Scallan,4,24,limpieza
24,10-483-8072,Suellen,Backwell,4,24,Monitor de sala
25,52-435-2542,Marie-jeanne,Nottingham,4,24,mantenimiento
26,13-695-3953,Tremaine,Doddemeede,4,24,Monitor de sala
27,55-885-5240,Ophelia,McGawn,5,29,mantenimiento
28,83-270-9342,Ellery,Hughlin,5,29,mantenimiento
29,23-076-2683,Ferrell,Ovise,5,29,Monitor de sala
30,89-030-4906,Deck,Quittonden,5,29,mantenimiento
31,12-655-7314,Anneliese,Blaine,5,29,mantenimiento
32,45-208-5880,Rodina,Bissiker,5,29,Monitor de clases dirigidas
33,95-306-8770,Fan,Reichhardt,5,29,mantenimiento
34,82-077-7088,Loren,O'Cullen,6,37,mantenimiento
35,02-953-5359,Rouvin,Boick,6,37,limpieza
36,98-487-8968,Valdemar,Kemetz,6,37,Monitor de clases dirigidas
37,29-068-5725,Sheilakathryn,Lum,6,37,Monitor de sala
38,69-579-8293,Natasha,Cubbit,6,37,mantenimiento
39,96-783-1027,Ermentrude,Duckfield,6,37,mantenimiento
40,42-592-8004,Viviana,Stookes,7,41,mantenimiento
41,17-851-7069,Allsun,Gruszka,7,41,Monitor de sala
42,99-023-4783,Inigo,Gurnell,7,41,limpieza
43,94-148-3228,Tyson,Seary,7,41,Monitor de sala
44,21-189-9487,Delly,Richardon,7,41,Monitor de sala
45,90-879-1124,Emlynne,Swann,7,41,Monitor de sala
46,14-211-9319,Keven,Woodson,7,41,mantenimiento
47,51-595-2589,Hayward,Giacopetti,8,49,limpieza
48,56-460-0141,Brittany,Purle,8,49,limpieza
49,52-937-7043,Michaella,Delgaty,8,49,Monitor de sala
50,27-225-6572,Jeffrey,Lydford,8,49,mantenimiento
51,44-364-6799,Elena,Jenicek,8,49,Monitor de sala
52,06-561-5822,Raynard,Nottingham,8,49,mantenimiento
53,56-451-5836,Benedetta,Scholling,8,49,mantenimiento
54,41-072-8291,Polly,Fryett,9,56,mantenimiento
55,57-785-3908,Jareb,Scuse,9,56,limpieza
56,43-596-9961,Sara,Tootell,9,56,Monitor de sala
57,58-320-2946,Shea,Durning,9,56,Monitor de sala
58,14-902-5029,Aldridge,Cleverly,9,56,Monitor de clases dirigidas
59,04-778-1348,Kacey,Sigmund,9,56,Monitor de sala
60,69-282-1224,Petr,Battison,10,65,mantenimiento
61,15-072-2589,Booth,Francomb,10,65,mantenimiento
62,62-111-2747,Lottie,Burgott,10,65,limpieza
63,05-863-9157,Win,Kemmet,10,65,limpieza
64,97-066-3456,Rodrigo,Kezourec,10,65,limpieza
65,27-700-6353,Lia,Macoun,10,65,Monitor de sala
66,52-304-2571,Jerald,Coling,10,65,Monitor de sala
67,80-111-1184,Robbi,Lackie,11,69,limpieza
68,53-163-6806,Shantee,Von Welldun,11,69,limpieza
69,07-578-3328,Fran,Barhem,11,69,Monitor de sala
70,21-067-5304,Ware,Bishop,11,69,Monitor de sala
71,67-270-9397,Klemens,Coucha,11,69,mantenimiento
72,11-036-2896,Isabelle,O'Haire,11,69,Monitor de sala
73,79-157-4076,Shell,Gillis,11,69,limpieza
74,73-118-2724,Drugi,Marling,12,74,Monitor de sala
75,77-960-5673,Bette-ann,Assante,12,74,limpieza
76,16-524-8613,Shara,McGeouch,12,74,Monitor de sala
77,18-174-4955,Molly,Muggeridge,12,74,Monitor de clases dirigidas
78,99-724-9020,Emanuele,Stansbury,12,74,limpieza
79,57-709-8143,Tybi,Cridlin,12,74,mantenimiento
80,60-650-5338,Allsun,Dyster,12,74,Monitor de sala
81,99-522-7697,Clerc,Wadley,13,81,Monitor de sala
82,86-860-7303,My,Capeloff,13,81,Monitor de sala
83,09-999-5539,Nadeen,Kayes,13,81,Monitor de clases dirigidas
84,01-873-2950,Hesther,Dunn,13,81,mantenimiento
85,52-088-6718,Lula,Warrior,13,81,Monitor de clases dirigidas
86,90-607-0584,Mela,Edmead,13,81,Monitor de sala
87,23-321-1849,Margot,Scorer,14,88,mantenimiento
88,24-937-2183,Geri,McCobb,14,88,Monitor de sala
89,56-848-4281,Tabitha,Broxholme,14,88,Monitor de sala
90,92-760-5298,Birgitta,Ernke,14,88,limpieza
91,94-791-1842,Chickie,Biset,14,88,Monitor de sala
92,46-950-9100,Ronnie,Mateiko,14,88,mantenimiento
93,69-774-2625,Adele,Jedrzej,14,88,Monitor de clases dirigidas
94,75-044-1830,Freeland,Diglin,15,95,limpieza
95,00-064-9247,Barret,Rubartelli,15,95,Monitor de sala
96,55-119-3762,Georgie,Mattityahou,15,95,Monitor de sala
97,94-188-2251,Clementina,Gierhard,15,95,Monitor de clases dirigidas
98,05-279-3671,Glenden,Tuplin,15,95,limpieza
99,84-973-5578,Darcee,Lestor,15,95,limpieza
100,69-747-6044,Jillane,Engelmann,15,95,mantenimiento
101,87-458-4269,Rutger,Farny,16,101,Monitor de sala
102,91-698-9997,Bennie,Ruoss,16,101,limpieza
103,93-568-1158,Mitchael,Shaudfurth,16,101,Monitor de sala
104,19-446-3397,Raddy,Swenson,16,101,Monitor de clases dirigidas
105,66-261-7745,Weylin,Housby,16,101,limpieza
106,73-187-8454,Neron,Dunthorne,16,101,limpieza
107,29-831-6184,Marget,Hayter,16,101,limpieza
108,90-878-6730,Fernando,Fattorini,17,108,Monitor de sala
109,46-312-9583,Carolin,Beed,17,108,Monitor de clases dirigidas
110,66-256-1279,Kristo,Blackaller,17,108,Monitor de sala
111,46-025-4037,Thedric,Bolduc,17,108,limpieza
112,43-189-9527,Haily,Duckhouse,17,108,Monitor de sala
113,46-067-2254,Darrell,Sisneros,17,108,mantenimiento
114,96-613-7537,Sherline,Szymoni,18,115,mantenimiento
115,90-512-5006,Taffy,McPartlin,18,115,Monitor de sala
116,13-721-1309,Madeline,Wasson,18,115,mantenimiento
117,93-470-2562,Cathleen,Lambkin,18,115,Monitor de sala
118,40-734-4828,Jinny,Dunnico,18,115,Monitor de clases dirigidas
119,01-654-0315,Boycey,Woodnutt,18,115,Monitor de clases dirigidas
120,08-907-1187,Noll,Danneil,18,115,mantenimiento
121,81-740-1527,Northrop,Loosely,19,122,mantenimiento
122,13-659-7873,Powell,Strute,19,122,Monitor de sala
123,86-640-3672,Kettie,Romi,19,122,limpieza
124,49-209-1916,Cart,Whittleton,19,122,limpieza
125,80-030-8851,Veronika,Calken,19,122,Monitor de clases dirigidas
126,96-987-1997,Loutitia,Dumbleton,19,122,mantenimiento
127,02-755-6870,Kev,Morewood,19,122,Monitor de sala
128,15-655-2417,Bertine,Mettrick,20,131,limpieza
129,69-538-6543,Avis,Christer,20,131,limpieza
130,72-173-8841,Kellby,Gillebert,20,131,mantenimiento
131,18-698-8213,Peadar,Treslove,20,131,Monitor de sala
132,40-159-7638,James,Hanse,20,131,Monitor de sala
133,66-533-1713,Calhoun,Learman,20,131,Monitor de sala
134,93-315-5652,Nelia,Wavish,21,136,limpieza
135,09-826-3350,Rhonda,Mechi,21,136,mantenimiento
136,53-550-5168,Virginia,Johnson,21,136,Monitor de sala
137,82-081-7365,Essa,Pirri,21,136,Monitor de sala
138,13-281-2239,Jessika,Brizell,21,136,Monitor de sala
139,71-857-9861,Rosaleen,Ragot,21,136,mantenimiento
140,76-020-4999,Chas,Hindmore,21,136,limpieza
141,94-016-6198,Ernie,Gribben,22,142,mantenimiento
142,85-667-2665,Travus,Molen,22,142,Monitor de sala
143,13-247-9965,Nadiya,Putland,22,142,Monitor de clases dirigidas
144,05-393-7910,Aggi,Abley,22,142,limpieza
145,45-488-0068,Arni,Labin,22,142,limpieza
146,00-332-2488,Joe,Nowick,22,142,Monitor de sala
147,14-983-6711,Merla,Pitblado,22,142,Monitor de sala
148,78-433-8045,Bree,Bettaney,23,148,Monitor de sala
149,12-738-8527,Ingar,Galgey,23,148,limpieza
150,66-909-2673,Cody,Jaspar,23,148,Monitor de sala
151,15-575-8011,Berty,Redgate,23,148,mantenimiento
152,27-460-8301,Bealle,Clayworth,23,148,Monitor de clases dirigidas
153,56-233-6561,Tobi,Deegin,23,148,limpieza
154,15-018-1552,Cleve,Brechin,23,148,limpieza
155,28-229-3544,Krystal,Tolputt,24,157,Monitor de clases dirigidas
156,80-791-5264,Clare,Bicker,24,157,limpieza
157,69-185-4466,Charyl,Edwardes,24,157,Monitor de sala
158,69-700-8247,Borg,Dunsford,24,157,mantenimiento
159,37-757-5249,Uriah,Pulsford,24,157,Monitor de clases dirigidas
160,24-941-5659,Gena,Jatczak,24,157,Monitor de sala
161,36-187-3613,Bambie,Baile,25,162,mantenimiento
162,94-740-2964,Jonah,Ottee,25,162,Monitor de sala
163,30-907-9017,Florencia,Rikkard,25,162,limpieza
164,41-314-7700,Alex,Maton,25,162,Monitor de sala
165,38-447-8905,Rustin,Shovelin,25,162,Monitor de sala
166,36-771-0766,Ker,Gellion,25,162,mantenimiento
167,37-706-9730,Juliann,Dwelly,25,162,Monitor de sala
168,45-277-6581,Roxine,Rendall,26,168,Monitor de sala
169,35-486-0475,Roby,Hawkridge,26,168,Monitor de sala
170,94-769-4960,Franklin,Denham,26,168,Monitor de sala
171,17-825-4250,Ive,Weatherall,26,168,Monitor de clases dirigidas
172,72-932-2371,Friedrich,Richards,26,168,mantenimiento
173,04-271-3285,Marilee,Watkiss,26,168,mantenimiento
174,73-637-0860,Vivyanne,Luddy,26,168,Monitor de sala
175,03-812-7053,Mathew,Outram,27,176,limpieza
176,93-092-3145,Karisa,Zebedee,27,176,Monitor de sala
177,76-543-9612,Petra,Keady,27,176,limpieza
178,93-333-6929,Burlie,Awcock,27,176,limpieza
179,43-478-9823,Jemie,Schleswig-Holstein,27,176,limpieza
180,64-215-3194,Lanny,De Vries,27,176,limpieza
181,77-593-9418,Anatole,Pickover,27,176,limpieza
182,09-323-9987,Mattie,Brazener,28,184,Monitor de clases dirigidas
183,65-881-2493,Anne,Aitcheson,28,184,Monitor de clases dirigidas
184,31-457-0895,Ricki,Khoter,28,184,Monitor de sala
185,81-176-1885,Melva,Shemming,28,184,mantenimiento
186,94-976-8264,Coralyn,Nesbeth,28,184,mantenimiento
187,73-644-0244,Mirabelle,Begin,28,184,Monitor de sala
188,36-478-4534,Amii,Northedge,29,192,limpieza
189,89-556-5846,Brit,Pitson,29,192,limpieza
190,85-971-0896,Modesty,O'Hederscoll,29,192,mantenimiento
191,50-103-9767,Marius,Wrighton,29,192,Monitor de sala
192,16-080-3504,Vanda,Dallander,29,192,Monitor de sala
193,99-722-5101,Godart,Mc Mechan,29,192,Monitor de sala
194,36-307-1212,Phillie,Pardy,29,192,mantenimiento
195,02-293-7802,Tonye,Ortsmann,30,196,limpieza
196,08-155-6364,Corissa,De Bell,30,196,Monitor de sala
197,24-875-0071,Hayley,Gilburt,30,196,mantenimiento
198,78-347-8283,Hilario,Franzoli,30,196,limpieza
199,31-368-2641,Wendi,Evenden,30,196,Monitor de clases dirigidas
200,46-530-4567,Mallissa,Glendining,30,196,mantenimiento
201,26-102-0411,Lindsay,Corkan,30,196,Monitor de clases dirigidas
202,41-189-7204,Marcia,McConigal,31,203,Monitor de clases dirigidas
203,59-254-9870,Doralynne,Shower,31,203,Monitor de sala
204,72-748-7183,Adela,Morford,31,203,Monitor de clases dirigidas
205,50-148-2377,Tab,Yakobovitz,31,203,mantenimiento
206,02-079-8358,Arnaldo,MacConnell,31,203,limpieza
207,70-123-7691,Danika,Bury,31,203,mantenimiento
208,05-920-7292,Peder,Beyer,31,203,mantenimiento
209,35-853-6482,Lainey,Cradock,32,209,Monitor de sala
210,18-756-5263,Alfonse,Joscelyne,32,209,mantenimiento
211,57-255-6085,Zilvia,Teasdale-Markie,32,209,mantenimiento
212,09-666-5615,Isacco,Lauks,32,209,Monitor de clases dirigidas
213,74-395-1412,Luis,Josiah,32,209,mantenimiento
214,23-447-8136,Antonella,Darinton,32,209,Monitor de sala
215,59-311-6727,Huey,Friedank,33,216,limpieza
216,86-863-0918,Aldwin,Cockin,33,216,Monitor de sala
217,95-497-6262,Kara-lynn,Chiechio,33,216,Monitor de sala
218,04-562-0820,Brittney,Larimer,33,216,Monitor de sala
219,15-636-8260,Ferris,Slowey,33,216,mantenimiento
220,76-452-8865,Ivett,Oakes,33,216,limpieza
221,10-923-4714,Bobbee,Foxall,33,216,Monitor de sala
222,72-672-7364,Elnar,McAdam,34,224,limpieza
223,96-031-3559,Krystle,Sidon,34,224,mantenimiento
224,30-958-9507,Hillyer,Bellew,34,224,Monitor de sala
225,64-728-2087,Seward,Faulconbridge,34,224,Monitor de sala
226,69-952-8406,Rhea,Matyasik,34,224,Monitor de sala
227,04-236-0305,Isador,Hender,34,224,Monitor de sala
228,95-524-9858,Celesta,Sirl,34,224,Monitor de sala
229,33-102-7321,Lester,Cutchie,35,229,Monitor de sala
230,13-255-2266,Tedda,felip,35,229,limpieza
231,93-884-2501,Caleb,McTavy,35,229,Monitor de sala
232,18-134-3514,Roderic,Gruczka,35,229,limpieza
233,99-090-4483,Angelle,Code,35,229,mantenimiento
234,10-621-0211,Colline,Frenzl,35,229,mantenimiento
235,69-454-8714,Brooks,McShane,36,236,limpieza
236,61-141-4968,Walsh,Loraine,36,236,Monitor de sala
237,94-022-6387,Franciskus,Scough,36,236,limpieza
238,96-465-2816,Anthia,Fittall,36,236,Monitor de clases dirigidas
239,53-845-7399,Morgan,Debney,36,236,mantenimiento
240,15-016-9179,Nancey,Pettisall,36,236,limpieza
241,12-057-5222,Kacie,Atkyns,36,236,mantenimiento
242,72-936-5080,Dyane,Golsthorp,37,242,Monitor de sala
243,48-613-3955,Eldredge,Caskey,37,242,Monitor de sala
244,93-898-8194,Stevie,Benfield,37,242,limpieza
245,97-558-1509,Barri,Harbidge,37,242,limpieza
246,83-776-0930,Lorry,Kellett,37,242,limpieza
247,23-866-6032,Patrice,Eicke,37,242,mantenimiento
248,98-013-7115,Cindi,Brennon,37,242,mantenimiento
249,22-963-7445,Jania,Imore,38,249,Monitor de sala
250,24-336-9628,Melicent,Pilpovic,38,249,limpieza
251,89-408-8247,Pattin,Mugglestone,38,249,Monitor de sala
252,60-237-7005,Joellyn,Petrosian,38,249,Monitor de sala
253,85-426-8189,Deb,Papaminas,38,249,mantenimiento
254,95-843-8420,Judith,Boddam,38,249,Monitor de sala
255,82-687-7386,Georgette,Wadelin,38,249,limpieza
256,98-190-8969,Fania,Tindle,39,256,Monitor de sala
257,61-971-4080,Jo,Scattergood,39,256,limpieza
258,82-054-4590,Conrado,Eggins,39,256,mantenimiento
259,83-766-4748,Zora,Bartozzi,39,256,limpieza
260,71-014-5531,Francesco,Boxill,39,256,Monitor de clases dirigidas
261,75-179-2463,Brnaby,Unwins,39,256,Monitor de sala
262,82-601-1170,Gasparo,Plackstone,40,262,Monitor de sala
263,94-288-0832,Mervin,Nesbeth,40,262,Monitor de sala
264,67-766-6851,Alexandro,Bonnaire,40,262,Monitor de sala
265,36-414-1226,Gardy,Proud,40,262,Monitor de sala
266,61-506-0978,Robbie,Cramphorn,40,262,Monitor de clases dirigidas
267,05-361-3510,Jed,Dooland,40,262,mantenimiento
268,27-855-5703,Templeton,Brouard,40,262,limpieza
269,41-976-6793,Willette,Szantho,41,269,Monitor de sala
270,65-839-8049,Bail,Lunk,41,269,Monitor de sala
271,25-970-6585,Nanni,Babar,41,269,limpieza
272,46-773-5764,Townie,Simak,41,269,Monitor de sala
273,57-600-6255,Mira,Knottley,41,269,limpieza
274,43-248-4877,Adriena,O'Sheeryne,41,269,mantenimiento
275,96-426-7667,Conway,Gapp,41,269,Monitor de clases dirigidas
276,77-837-1329,Bayard,Conkie,42,278,Monitor de clases dirigidas
277,48-922-7388,Calhoun,Yankishin,42,278,mantenimiento
278,39-999-5084,Kennan,Demangeot,42,278,Monitor de sala
279,85-682-1641,Barclay,Dykes,42,278,limpieza
280,19-151-2517,Charmain,Gammie,42,278,Monitor de sala
281,68-912-2851,Jeana,Sedger,42,278,Monitor de sala
282,97-459-6747,Terese,Smalls,42,278,mantenimiento
283,61-285-4700,Jessie,de Cullip,43,283,Monitor de sala
284,40-677-8152,Lesley,Callow,43,283,Monitor de sala
285,03-271-4166,Beverly,Flaherty,43,283,Monitor de clases dirigidas
286,84-897-9117,Donavon,Patley,43,283,Monitor de sala
287,42-168-4775,Joann,Cicullo,43,283,Monitor de sala
288,18-090-7600,Dani,Bank,43,283,limpieza
289,75-054-9896,Clare,Glading,44,289,Monitor de sala
290,60-006-8793,Cathrine,Hatliff,44,289,Monitor de clases dirigidas
291,69-292-6758,Obadiah,Dunnett,44,289,limpieza
292,75-820-1926,Viva,Franklin,44,289,mantenimiento
293,21-070-9422,Joellyn,Sycamore,44,289,limpieza
294,06-853-1130,Sibyl,Windley,44,289,Monitor de clases dirigidas
295,13-168-6414,Beauregard,Reichartz,44,289,Monitor de sala
296,07-582-2577,Sergio,Castellet,45,297,mantenimiento
297,14-552-0529,Lynnell,Odhams,45,297,Monitor de sala
298,81-012-5840,Chelsie,Maris,45,297,Monitor de clases dirigidas
299,03-547-4159,Cara,Stinson,45,297,Monitor de sala
300,06-060-2585,Thornie,Morch,45,297,Monitor de sala
301,53-747-1494,Eziechiele,Spaven,45,297,Monitor de sala
302,87-364-6105,Woody,Cowill,45,297,Monitor de sala
303,15-157-3134,Clayson,Ive,46,305,mantenimiento
304,16-503-9581,Richie,Immins,46,305,limpieza
305,41-262-1746,Pascal,Milmith,46,305,Monitor de sala
306,90-618-2300,Shantee,Flucker,46,305,mantenimiento
307,96-677-7193,Kerr,Arlett,46,305,limpieza
308,14-588-0607,Carine,Muirden,46,305,Monitor de sala
309,52-803-9118,Fleming,Tumpane,47,309,Monitor de sala
310,71-072-6093,Garvey,Dowdell,47,309,Monitor de clases dirigidas
311,13-609-2022,Wheeler,Gajewski,47,309,Monitor de sala
312,83-779-2610,Jodie,Beagin,47,309,Monitor de sala
313,59-419-1995,Keane,Walker,47,309,Monitor de clases dirigidas
314,79-621-6652,Margie,Van Der Hoog,47,309,mantenimiento
315,76-793-4551,Westleigh,Neate,47,309,Monitor de clases dirigidas
316,49-259-0789,Zeke,D'Costa,48,318,Monitor de clases dirigidas
317,79-835-1724,Osmund,Fontell,48,318,mantenimiento
318,98-189-9063,Jdavie,Baccup,48,318,Monitor de sala
319,40-022-6191,Robbyn,Murray,48,318,mantenimiento
320,20-578-1674,Zarla,Renac,48,318,Monitor de sala
321,91-322-4387,Ingeborg,Soles,48,318,mantenimiento
322,26-199-5576,Emmit,Akister,48,318,limpieza
323,32-027-0327,Camey,Willoughey,49,324,mantenimiento
324,09-140-0112,Anett,Tibald,49,324,Monitor de sala
325,04-917-8868,Joni,Utridge,49,324,Monitor de sala
326,44-798-3792,Codie,Boscher,49,324,limpieza
327,08-603-2122,Onofredo,Ickovici,49,324,Monitor de sala
328,22-924-5447,Port,Mathewson,49,324,limpieza
329,31-355-9744,Abey,Meriton,49,324,Monitor de sala
330,47-020-6612,Worth,De Goey,50,331,limpieza
331,89-206-6850,Bogey,Agirre,50,331,Monitor de sala
332,02-089-8984,Sybilla,Nuscha,50,331,limpieza
333,36-482-3498,Kari,Dwane,50,331,mantenimiento
334,31-471-0246,Willow,Pearlman,50,331,Monitor de sala
335,49-571-4216,Quintin,Tineman,50,331,limpieza
336,34-627-1805,Agustin,O'Collopy,51,338,Monitor de clases dirigidas
337,70-188-1488,Vladimir,Topper,51,338,Monitor de clases dirigidas
338,73-010-4991,Alistair,Satchel,51,338,Monitor de sala
339,07-269-0474,Fielding,Instone,51,338,Monitor de sala
340,68-678-5963,Harlie,Burbank,51,338,Monitor de sala
341,67-254-6570,Ashley,Rizzini,51,338,mantenimiento
342,40-685-3955,Kendricks,Burnes,51,338,Monitor de sala
343,11-249-8849,Rollie,Trigwell,52,343,Monitor de sala
344,14-424-3137,Ruy,Sibyllina,52,343,Monitor de sala
345,92-327-6800,Stepha,Whaley,52,343,mantenimiento
346,75-550-0475,Cary,Stickells,52,343,limpieza
347,25-850-8222,Marjie,Pharrow,52,343,Monitor de clases dirigidas
348,33-161-8595,Stepha,Cutress,52,343,limpieza
349,13-881-4475,Nikolai,Stiebler,52,343,mantenimiento
350,08-345-9660,Faye,Burwin,53,350,Monitor de sala
351,09-092-2214,Micki,Haxbie,53,350,Monitor de sala
352,23-883-6400,Charlotta,Scobie,53,350,Monitor de sala
353,54-594-9934,Shayne,Colebourn,53,350,mantenimiento
354,50-915-2137,Elton,Staff,53,350,Monitor de sala
355,66-861-9793,Randell,Satterly,53,350,Monitor de sala
356,82-785-1665,Norris,Krollmann,53,350,Monitor de sala
357,96-119-2931,Kris,Loft,54,360,mantenimiento
358,91-970-2234,Amie,Pedroli,54,360,Monitor de clases dirigidas
359,19-646-1727,Boote,Camellini,54,360,limpieza
360,71-732-2358,Cathyleen,Haliburn,54,360,Monitor de sala
361,31-184-5078,Micheil,Fromant,54,360,Monitor de clases dirigidas
362,94-030-7992,Deana,Hawken,54,360,limpieza
363,58-673-1219,Dulcea,McAleese,55,364,mantenimiento
364,01-751-1578,Cecilia,Keighley,55,364,Monitor de sala
365,46-234-2067,Phebe,Marking,55,364,limpieza
366,84-406-5615,Nedi,Cossell,55,364,mantenimiento
367,91-095-2376,Filia,Franchyonok,55,364,Monitor de sala
368,24-219-9992,Berk,Ferryn,55,364,Monitor de sala
369,52-463-0961,Gertrud,Thorsby,55,364,mantenimiento
370,85-201-1060,Free,Kinkead,56,370,Monitor de sala
371,45-752-7011,Dru,Greenig,56,370,Monitor de sala
372,03-926-2319,Emily,Jurgensen,56,370,Monitor de clases dirigidas
373,40-768-2254,Pincus,Priddis,56,370,Monitor de sala
374,85-875-0239,Wayne,Bosche,56,370,Monitor de clases dirigidas
375,76-806-0997,Karlen,Piper,56,370,Monitor de sala
376,82-792-3592,Alys,Orange,56,370,Monitor de sala
377,26-103-3519,Manny,Ferne,57,379,mantenimiento
378,11-389-5519,Audre,Glover,57,379,mantenimiento
379,25-174-6340,Nico,Stuchbury,57,379,Monitor de sala
380,29-169-2328,Rhodia,Levings,57,379,Monitor de sala
381,90-233-8988,Max,Tethcote,57,379,limpieza
382,77-937-2172,Concordia,Berrigan,57,379,mantenimiento
383,37-303-5702,Kasey,Baine,58,383,Monitor de sala
384,94-522-5950,Bettye,Scamaden,58,383,Monitor de sala
385,91-367-8390,Keelia,Husthwaite,58,383,mantenimiento
386,69-666-8806,Wright,Rubinsky,58,383,limpieza
387,02-683-6454,Kerry,Tunnow,58,383,Monitor de sala
388,24-480-6418,Vinny,Skule,58,383,mantenimiento
389,73-893-3554,Alanah,Donaghie,58,383,Monitor de sala
390,92-064-6084,Floris,Stell,59,392,Monitor de clases dirigidas
391,20-135-4027,Eustace,Dowse,59,392,Monitor de sala
392,13-801-6654,Enrichetta,Kenworthey,59,392,Monitor de sala
393,54-108-6026,Sarge,Bellis,59,392,Monitor de clases dirigidas
394,42-921-5005,Urban,Pierpoint,59,392,limpieza
395,77-224-7695,Clemens,McTrusty,59,392,Monitor de sala
396,81-551-2271,Elmira,Daskiewicz,59,392,limpieza
397,80-974-9866,Darill,Puddin,60,398,mantenimiento
398,69-029-3494,Shandra,Crowson,60,398,Monitor de sala
399,72-253-0401,Silvio,Hamman,60,398,limpieza
400,60-315-4814,Moss,McNeachtain,60,398,mantenimiento
401,94-890-2133,Rutger,Pinfold,60,398,mantenimiento
402,95-615-2723,Pandora,Plows,60,398,Monitor de sala
403,09-784-7477,Tadeo,Kynder,60,398,Monitor de sala
404,94-389-0670,Boy,Scattergood,61,404,Monitor de sala
405,57-290-5083,Marianne,Leale,61,404,limpieza
406,52-068-7937,Rutger,Drowsfield,61,404,mantenimiento
407,72-801-2619,Emilee,Blaschke,61,404,limpieza
408,28-352-5879,Jacintha,Styant,61,404,limpieza
409,87-602-9039,Melosa,Grubb,61,404,Monitor de clases dirigidas
410,11-482-3845,Mitchael,Losselyong,62,413,mantenimiento
411,48-591-4380,Albertine,McBryde,62,413,limpieza
412,61-742-2843,Vasilis,Lowing,62,413,mantenimiento
413,64-650-4546,Kalvin,Roblett,62,413,Monitor de sala
414,69-579-4741,Gilbertina,Sliman,62,413,mantenimiento
415,68-301-0794,Colby,Redbourn,62,413,Monitor de sala
416,31-050-7531,Tania,Reese,62,413,limpieza
417,76-113-4470,Damaris,Fulker,63,418,limpieza
418,45-454-3744,Malina,Preon,63,418,Monitor de sala
419,53-145-9528,Anthe,Whieldon,63,418,limpieza
420,20-241-7856,Shane,Pencott,63,418,limpieza
421,96-846-4595,Jeni,Jeanneau,63,418,limpieza
422,64-195-8459,Cariotta,Ramm,63,418,Monitor de clases dirigidas
423,15-817-5193,Meir,Weagener,63,418,mantenimiento
424,80-590-3305,Jeromy,Bousquet,64,425,Monitor de clases dirigidas
425,08-508-5231,Hephzibah,Thing,64,425,Monitor de sala
426,91-002-6108,Helga,Lempertz,64,425,limpieza
427,66-748-3747,Lauree,Fugere,64,425,Monitor de sala
428,36-524-6552,Floris,Kilbane,64,425,Monitor de clases dirigidas
429,87-221-1776,Stormie,Tipens,64,425,limpieza
430,93-075-7454,Travus,Harbin,64,425,mantenimiento
431,16-264-1776,Belva,Milburn,65,436,Monitor de clases dirigidas
432,38-411-7683,Katerine,Mycroft,65,436,Monitor de sala
433,05-203-3653,Wendi,Tuddenham,65,436,limpieza
434,22-884-5037,Annis,Petrishchev,65,436,limpieza
435,72-223-6556,Matelda,De Domenicis,65,436,Monitor de sala
436,67-890-0909,Pepe,Ortega,65,436,Monitor de sala